,Cloudiness,Country,Date,Humidity,Lat,Lng,Max Temp,Wind Speed,City
0,64,CD,2019-01-11 20:25:27,100,-1.93,18.29,21.76,1.11,Inongo
1,92,GR,2019-01-11 20:25:27,100,40.1,23.98,6.81,8.31,Sarti
2,0,AR,2019-01-11 20:25:28,56,-38.31,-60.23,16.49,5.41,Barrow
3,12,TL,2019-01-11 20:25:28,66,-8.93,125.41,28.99,1.01,Airai
5,92,UY,2019-01-11 20:20:51,90,-33.69,-53.46,18.44,3.21,Chuy
6,75,CL,2019-01-11 20:00:00,100,-53.16,-70.91,7,12.3,Punta Arenas
7,24,RU,2019-01-11 20:25:29,46,68.75,161.3,-26.37,1.21,Cherskiy
8,90,US,2019-01-11 19:55:00,100,39.95,-94.76,0.5,2.6,Kodiak
9,0,PF,2019-01-11 20:23:32,100,-9.8,-139.03,27.49,7.26,Atuona
11,90,US,2019-01-11 20:15:00,77,27.1,-82.45,15.83,2.1,Venice
12,40,US,2019-01-11 19:56:00,64,22.08,-159.32,25.83,5.7,Kapaa
13,75,PT,2019-01-11 19:30:00,59,33.08,-16.33,17.59,7.2,Camacha
14,12,RU,2019-01-11 20:25:32,54,58.71,81.5,-28.07,2.21,Parabel
15,75,AR,2019-01-11 20:00:00,70,-54.81,-68.31,8,5.1,Ushuaia
17,75,CA,2019-01-11 19:00:00,93,47.58,-53.28,0,7.2,Bay Roberts
18,75,CA,2019-01-11 19:35:00,77,55.1,-105.3,-16,5.1,La Ronge
19,92,PF,2019-01-11 20:25:35,100,-16.48,-151.75,28.56,7.86,Faanui
20,0,RU,2019-01-11 20:25:36,65,54.72,135.31,-17.82,2.76,Chumikan
21,76,MG,2019-01-11 20:25:36,100,-14.27,50.17,26.49,1.31,Sambava
22,0,IN,2019-01-11 20:00:00,82,15.34,74.49,13,1.31,Vaini
23,75,PE,2019-01-11 20:00:00,88,-13.71,-76.2,22,7.2,Pisco
24,80,PF,2019-01-11 20:25:38,100,-23.12,-134.97,26.31,7.71,Rikitea
25,88,SB,2019-01-11 20:25:38,100,-10.46,161.92,27.69,4.31,Kirakira
26,0,CY,2019-01-11 20:00:00,76,34.92,32.53,9.56,3.6,Lasa
27,0,AU,2019-01-11 20:00:00,22,-42.78,147.06,24,8.7,New Norfolk
28,76,RU,2019-01-11 20:25:40,84,60.97,40.26,-7.94,7.91,Konosha
29,90,MK,2019-01-11 19:30:00,92,41.94,21.61,-4,1.51,Petrovec
30,90,CA,2019-01-11 20:00:00,75,69.44,-133.03,-26,5.1,Tuktoyaktuk
31,36,ZA,2019-01-11 20:20:47,100,-34.05,23.37,17.76,8.61,Plettenberg Bay
32,0,PT,2019-01-11 19:30:00,39,37.14,-8.45,8,3.6,Lagoa
33,0,AU,2019-01-11 20:00:00,22,-42.88,147.33,24,8.7,Hobart
34,0,AU,2019-01-11 20:25:42,81,-33.64,115.35,23.51,5.26,Busselton
35,8,NG,2019-01-11 20:25:43,91,5.43,7.07,23.11,3.31,Naze
36,12,ZA,2019-01-11 20:25:43,100,-34.42,19.24,9.16,1.41,Hermanus
37,1,US,2019-01-11 19:54:00,60,42.65,-73.75,-13.04,8.2,Albany
38,92,BR,2019-01-11 20:25:44,99,-30.17,-50.22,22.04,4.16,Cidreira
39,90,CA,2019-01-11 19:00:00,84,62.45,-114.38,-15,5.1,Yellowknife
40,0,YE,2019-01-11 20:25:45,68,14.3,44.38,-0.89,1.51,Yarim
41,0,RU,2019-01-11 20:25:46,100,61.92,159.24,-9.64,6.71,Evensk
42,75,RU,2019-01-11 20:00:00,66,60.73,77.6,-36,1,Strezhevoy
43,90,US,2019-01-11 19:53:00,68,19.71,-155.08,24.4,2.6,Hilo
44,75,CA,2019-01-11 19:00:00,70,55.74,-97.86,-20,1,Thompson
45,0,NZ,2019-01-11 20:25:47,53,-46.19,168.86,21.06,1.81,Mataura
46,48,GL,2019-01-11 20:25:47,89,60.14,-45.24,-0.52,19.61,Nanortalik
49,0,CN,2019-01-11 20:25:48,59,39.73,98.49,-17.92,1.36,Jiuquan
50,48,MZ,2019-01-11 20:25:49,99,-23.87,35.38,26.49,5.16,Inhambane
51,88,RU,2019-01-11 20:23:58,89,68.05,39.51,-5.82,4.76,Ostrovnoy
53,40,BR,2019-01-11 20:00:00,83,-3.71,-38.6,27,3.1,Vila Velha
54,0,ET,2019-01-11 19:00:00,49,8.96,38.73,9,4.1,Lebu
55,32,RU,2019-01-11 20:25:51,77,69.49,88.39,-38.99,1.91,Talnakh
56,92,NZ,2019-01-11 20:25:51,77,-39.94,176.59,17.69,4.76,Waipawa
57,0,NZ,2019-01-11 20:24:04,73,-46.13,167.69,17.19,2.26,Tuatapere
59,48,ID,2019-01-11 20:24:45,93,-2.88,108.27,29.64,3.06,Manggar
61,20,PH,2019-01-11 20:25:53,70,11,122.67,28.14,4.76,Dingle
62,0,RU,2019-01-11 20:25:53,94,73.51,80.55,-29.62,8.01,Dikson
63,0,MX,2019-01-11 20:25:54,100,27.97,-114.04,11.61,2.01,Guerrero Negro
64,0,ZA,2019-01-11 20:00:00,100,-33.93,18.42,12,2.6,Cape Town
65,0,IS,2019-01-11 20:25:54,97,63.44,-20.27,5.41,10.86,Vestmannaeyjar
66,75,US,2019-01-11 19:53:00,55,45.52,-122.67,7.07,7.2,Portland
68,56,RU,2019-01-11 20:25:56,69,60.35,102.28,-23.42,2.86,Vanavara
69,0,EG,2019-01-11 20:00:00,40,24.09,32.9,11,4.1,Aswan
70,0,CO,2019-01-11 20:00:00,94,8.86,-75.38,24,3.91,Catalina
72,90,US,2019-01-11 19:55:00,91,39.05,-95.68,0.71,3.1,Topeka
74,75,CA,2019-01-11 19:00:00,97,47.66,-52.73,0,7.2,Torbay
75,0,IN,2019-01-11 20:25:58,84,19.09,78.35,17.19,2.36,Nirmal
76,20,IN,2019-01-11 20:00:00,88,8.88,76.6,25,1,Kollam
77,76,HU,2019-01-11 20:25:59,77,46.42,18.24,-4.44,3.11,Dobrokoz
78,0,SA,2019-01-11 20:00:00,70,26.33,43.97,9,1.5,Buraydah
79,40,CA,2019-01-11 20:00:00,100,50.02,-125.24,5.68,1,Campbell River
80,75,GL,2019-01-11 19:50:00,55,60.91,-46.05,3,11.3,Narsaq
81,90,GB,2019-01-11 20:01:00,100,51.81,-2.72,8.07,6.7,Monmouth
83,12,AU,2019-01-11 20:26:01,31,-38.24,146.4,30.39,2.21,Morwell
84,0,AU,2019-01-11 20:26:02,53,-23.58,149.07,30.99,3.86,Bluff
85,88,MV,2019-01-11 20:26:02,100,-0.6,73.08,26.14,0.16,Hithadhoo
87,8,BR,2019-01-11 20:26:03,86,-22.97,-42.02,25.24,7.36,Arraial do Cabo
89,90,US,2019-01-11 19:55:00,94,30.3,-99.24,12.93,2.1,Harper
90,64,CN,2019-01-11 20:26:04,88,28.12,119.57,8.91,1.16,Yunhe
92,0,ZA,2019-01-11 20:23:30,100,-33.02,27.91,21.19,13.56,East London
93,68,PG,2019-01-11 20:25:01,98,-2.02,147.27,28.76,5.96,Lorengau
95,0,AU,2019-01-11 20:26:06,44,-33.21,138.6,31.11,5.26,Jamestown
96,0,IS,2019-01-11 20:26:07,96,64.25,-15.21,4.56,7.06,Hofn
97,5,CA,2019-01-11 20:00:00,76,60.72,-135.06,-24,1.5,Whitehorse
99,8,NG,2019-01-11 20:26:08,94,4.92,6.26,23.51,2.36,Yenagoa
100,90,US,2019-01-11 20:12:00,93,31.59,-97.11,12.06,2.1,Bellmead
102,90,GR,2019-01-11 19:50:00,93,39.45,22.34,2.62,3.6,Saint George
104,1,US,2019-01-11 20:08:00,76,60.79,-161.76,-30.57,8.7,Bethel
105,92,CA,2019-01-11 20:26:10,88,43.74,-81.71,-8.14,2.36,Goderich
106,1,US,2019-01-11 20:15:00,76,32.58,-85.98,6.6,2.81,Neman
107,0,BR,2019-01-11 19:00:00,83,-23.01,-44.32,26,0.81,Angra dos Reis
108,32,ZA,2019-01-11 20:00:00,81,-34.53,20.04,12,2.6,Bredasdorp
109,8,RU,2019-01-11 20:26:12,0,68.54,146.19,-42.17,1.26,Belaya Gora
110,75,CK,2019-01-11 20:00:00,74,-21.21,-159.78,29,4.1,Avarua
111,0,VU,2019-01-11 20:26:13,100,-19.55,169.27,26.61,2.06,Isangel
112,0,AR,2019-01-11 20:00:00,42,-45.87,-67.48,19,6.7,Comodoro Rivadavia
113,0,AU,2019-01-11 20:00:00,12,-25.24,130.99,40,5.1,Yulara
114,20,MV,2019-01-11 20:26:14,100,5.77,73.38,27.64,3.81,Manadhoo
116,0,ZA,2019-01-11 20:26:15,83,-33.59,26.89,19.39,10.06,Port Alfred
117,48,BR,2019-01-11 20:26:15,92,-10.65,-68.5,23.79,1.01,Xapuri
118,1,US,2019-01-11 19:55:00,60,46.19,-123.83,10,3.1,Astoria
119,88,FO,2019-01-11 19:50:00,87,62.23,-6.59,7,11.3,Klaksvik
120,80,PY,2019-01-11 20:26:16,82,-26.98,-56.83,25.61,1.76,San Patricio
121,0,CY,2019-01-11 20:00:00,76,34.81,32.42,9.58,3.6,Emba
122,24,ID,2019-01-11 20:26:17,100,4.14,96.13,27.11,1.21,Meulaboh
123,90,CL,2019-01-11 20:00:00,100,-42.48,-73.76,12,4.1,Castro
124,36,AR,2019-01-11 20:26:18,42,-46.43,-67.52,18.79,9.16,Mar del Plata
125,0,BR,2019-01-11 20:00:00,69,2.82,-60.67,26,3.6,Boa Vista
126,64,BR,2019-01-11 20:26:19,77,-11.75,-44.91,22.06,1.16,Riachao das Neves
127,40,CO,2019-01-11 20:00:00,68,4.16,-76.29,22,0.61,Riofrio
128,0,ES,2019-01-11 20:00:00,41,38.18,-1.13,3,3.1,Fortuna
129,92,NI,2019-01-11 20:26:21,86,12.92,-85.84,18.91,1.31,San Ramon
130,0,ET,2019-01-11 20:25:28,54,3.94,41.86,17.94,2.21,Mandera
131,90,AU,2019-01-11 20:00:00,78,-16.99,145.42,28,3.6,Mareeba
132,40,CA,2019-01-11 20:00:00,72,65.28,-126.83,-40,1,Norman Wells
133,20,PT,2019-01-11 19:30:00,77,38.52,-28.7,15,7.7,Ribeira Grande
134,75,BR,2019-01-11 20:00:00,78,-6.97,-34.84,26,3.6,Cabedelo
135,20,RU,2019-01-11 20:24:29,100,64.42,-173.23,-24.02,8.01,Provideniya
136,75,GL,2019-01-11 19:50:00,55,60.72,-46.03,3,11.3,Qaqortoq
137,8,AR,2019-01-11 20:25:54,69,-38.55,-58.74,15.66,5.26,Necochea
138,44,PY,2019-01-11 20:26:25,93,-26.85,-55.53,23.56,1.81,Pirapo
139,0,OM,2019-01-11 19:50:00,28,17.01,54.1,23,7.2,Salalah
140,44,RU,2019-01-11 20:26:26,68,50.36,108.75,-16.34,1.46,Krasnyy Chikoy
141,0,NZ,2019-01-11 20:26:26,31,-45.41,167.72,21.79,1.16,Te Anau
142,0,GB,2019-01-11 19:56:00,87,52.47,1.45,6.14,4.6,Broome
143,90,US,2019-01-11 20:15:00,84,40.58,-86.19,-1.91,3.1,Galveston
144,8,ZA,2019-01-11 20:23:27,82,-30.97,22.13,10.06,2.46,Carnarvon
145,20,GY,2019-01-11 20:00:00,88,6.8,-58.16,25.19,2.1,Georgetown
146,0,RU,2019-01-11 20:26:28,55,46.45,135.83,-10.22,0.51,Vostok
148,20,NO,2019-01-11 19:50:00,55,78.22,15.63,-13,9.8,Longyearbyen
149,0,AU,2019-01-11 20:00:00,51,-23.13,150.74,30,5.1,Yeppoon
150,12,ES,2019-01-11 20:00:00,63,28.66,-17.92,18,3.1,Los Llanos de Aridane
151,80,GL,2019-01-11 19:50:00,78,65.61,-37.64,-8,2.1,Tasiilaq
152,36,RU,2019-01-11 20:26:30,69,50.67,113.59,-13.62,5.86,Duldurga
153,0,RU,2019-01-11 20:26:31,86,69.7,170.27,-25.49,1.96,Pevek
154,20,GH,2019-01-11 20:26:31,100,4.87,-2.24,27.86,3.61,Axim
155,0,CV,2019-01-11 20:25:42,99,14.9,-24.5,22.04,4.86,Sao Filipe
156,0,CA,2019-01-11 20:24:47,65,60.75,-137.51,-38.59,0.91,Haines Junction
157,0,RU,2019-01-11 20:26:32,77,60.47,166.1,-15.12,2.81,Tilichiki
158,0,NZ,2019-01-11 20:23:29,72,-46.28,169.85,17.11,4.26,Kaitangata
160,1,US,2019-01-11 19:56:00,85,43.41,-124.22,10.6,3.1,North Bend
161,64,BR,2019-01-11 20:26:34,78,-20.63,-46,20.56,1.51,Ponta do Sol
162,48,CO,2019-01-11 20:25:30,95,5.59,-73.79,12.01,0.81,Cordoba
163,0,IN,2019-01-11 20:26:34,82,19.67,77.31,17.64,4.01,Kalamnuri
164,0,SA,2019-01-11 20:00:00,76,17.54,44.22,10,1.01,Najran
165,0,BR,2019-01-11 20:26:35,96,-21.64,-41.05,26.39,7.36,Sao Joao da Barra
166,20,PG,2019-01-11 20:23:50,100,-6.22,155.63,28.04,0.96,Kieta
167,32,RU,2019-01-11 20:23:35,47,71.64,128.87,-33.97,2.86,Tiksi
168,0,CN,2019-01-11 20:26:36,81,37.16,122.42,5.94,2.31,Rongcheng
169,12,TC,2019-01-11 20:26:37,100,21.46,-71.14,24.86,6.16,Cockburn Town
170,0,EG,2019-01-11 20:00:00,61,31.35,27.25,8,4.1,Marsa Matruh
171,75,CN,2019-01-11 20:00:00,81,30.54,119.97,7,4,Deqing
173,12,NC,2019-01-11 20:26:39,99,-21.35,165.16,25.86,7.26,Poya
174,20,CU,2019-01-11 19:50:00,82,22.08,-79.5,17,1.5,Cabaiguan
175,20,GY,2019-01-11 20:00:00,88,6.41,-58.62,24,2.1,Bartica
176,1,US,2019-01-11 19:53:00,75,43.13,-115.69,2.52,4.1,Mountain Home
177,56,MK,2019-01-11 20:26:41,80,41.28,20.71,-10.64,0.81,Poum
178,76,KI,2019-01-11 20:26:41,100,3.07,172.79,28.69,5.71,Butaritari
179,40,EC,2019-01-11 20:00:00,100,-0.39,-78.55,11.94,1.5,San Cristobal
180,36,BR,2019-01-11 20:26:42,87,-14.74,-50.57,22.31,1.51,Mozarlandia
183,64,TH,2019-01-11 20:00:00,74,16.22,100.43,28,2.21,Taphan Hin
184,0,CN,2019-01-11 20:26:44,57,40.29,97.04,-14.97,1.76,Yumen
185,48,ID,2019-01-11 20:26:44,92,-3.75,103.64,26.19,2.11,Payo
186,40,AO,2019-01-11 20:00:00,83,-8.83,13.24,26,2.1,Luanda
188,90,US,2019-01-11 20:15:00,84,30.04,-94.42,13.75,3.6,Nome
189,0,PK,2019-01-11 20:26:46,76,28.9,64.41,5.01,2.56,Dalbandin
190,20,GA,2019-01-11 20:25:04,100,-1.57,9.26,25.44,2.21,Omboue
191,1,CA,2019-01-11 20:00:00,54,45.36,-73.48,-15.84,6.7,Saint-Philippe
193,40,RU,2019-01-11 20:00:00,77,55.79,84.89,-17,4,Talaya
194,90,US,2019-01-11 19:53:00,91,38.09,-102.62,0.6,5.1,Lamar
195,24,RU,2019-01-11 20:24:47,99,65.58,-170.99,-22.62,12.21,Lavrentiya
196,75,RU,2019-01-11 20:00:00,83,59.96,29.42,1,7,Lebyazhye
197,75,BN,2019-01-11 20:00:00,74,5.28,115.24,30,1.5,Victoria
198,0,FR,2019-01-11 20:00:00,74,43.56,6.97,-0.75,2.1,Saint-Joseph
199,90,CA,2019-01-11 20:00:00,67,68.22,-135.01,-30,1.5,Aklavik
200,90,CA,2019-01-11 19:00:00,81,50.7,-127.42,9,8.7,Port Hardy
201,40,AU,2019-01-11 20:00:00,37,-20.73,139.49,36,5.7,Mount Isa
202,0,ES,2019-01-11 20:00:00,59,37.47,-4.43,-1.57,3.1,Cabra
203,75,JP,2019-01-11 20:00:00,67,43.32,145.57,-5,2.1,Nemuro
206,20,TH,2019-01-11 20:00:00,78,9.96,98.62,28,1.5,Ranong
207,75,US,2019-01-11 20:02:00,92,55.34,-131.65,5.75,2.6,Ketchikan
208,40,BB,2019-01-11 20:00:00,74,13.22,-59.52,26,6.2,Bathsheba
209,32,ID,2019-01-11 20:26:54,73,-2.54,115.51,29.99,1.41,Labuhan
211,64,RU,2019-01-11 20:26:54,86,55.24,43.1,-11.27,3.11,Ardatov
212,36,RU,2019-01-11 20:26:55,0,71.97,114.09,-41.77,1.61,Saskylakh
213,20,RU,2019-01-11 20:00:00,77,53.14,59.15,-15,3,Svetlogorsk
214,75,FR,2019-01-11 20:00:00,100,48.95,4.24,4.3,4.1,Saint-Pierre
215,0,MN,2019-01-11 20:26:56,61,47.25,107.54,-17.42,3.86,Bayan
216,20,ID,2019-01-11 20:25:17,86,-4.94,122.53,30.04,1.36,Katobu
218,0,CD,2019-01-11 20:26:57,85,2.14,27.99,20.26,0.86,Wamba
219,75,US,2019-01-11 20:15:00,85,29.7,-91.21,11.39,1.5,Morgan City
220,0,ML,2019-01-11 20:26:59,49,16.42,-3.66,15.79,5.16,Goundam
221,92,CN,2019-01-11 20:00:00,86,34.31,108.72,-2,2,Xianyang
222,20,AW,2019-01-11 20:00:00,78,12.52,-70.03,26,6.2,Oranjestad
223,8,ZA,2019-01-11 20:24:22,87,-34,24.73,17.69,9.26,Kruisfontein
224,90,GB,2019-01-11 20:01:00,81,51.94,-0.88,7,4.6,Winslow
225,36,MV,2019-01-11 20:27:01,100,3.78,72.97,27.56,3.91,Mahibadhoo
226,92,AO,2019-01-11 20:27:01,100,-6.13,12.37,23.79,1.06,Soyo
227,40,MU,2019-01-11 20:00:00,88,-20.41,57.7,26,3.1,Mahebourg
228,92,RO,2019-01-11 19:30:00,85,46.55,21.85,-6.03,4.1,Cermei
230,20,RU,2019-01-11 20:27:03,82,64.57,143.24,-40.59,0.86,Ust-Nera
231,92,CD,2019-01-11 20:27:03,67,2.18,22.47,25.24,2.11,Bumba
232,20,PT,2019-01-11 19:30:00,77,37.72,-25.43,15,7.2,Vila Franca do Campo
233,20,IT,2019-01-11 18:50:00,61,38.68,16.09,8,6.7,Vibo Valentia
234,40,PH,2019-01-11 20:00:00,66,10.45,123.98,29,4.6,Cabadiangan
235,92,BR,2019-01-11 20:27:05,100,-0.77,-47.18,24.44,2.41,Sao Joao de Pirabas
236,1,US,2019-01-11 20:15:00,58,31.31,-92.44,6.39,2.1,Alexandria
237,0,IN,2019-01-11 19:00:00,76,20.02,76.04,13,1.31,Deulgaon Raja
238,0,NZ,2019-01-11 20:25:54,76,-45.87,170.5,15.81,3.41,Dunedin
239,68,BR,2019-01-11 20:27:06,94,-9.01,-35.22,24.39,2.51,Maragogi
240,40,MU,2019-01-11 20:00:00,88,-20.34,57.76,26,3.1,Bambous Virieux
242,1,US,2019-01-11 19:56:00,56,28.41,-80.6,17.75,4.1,Cape Canaveral
243,64,PG,2019-01-11 20:27:08,100,-2.57,150.8,27.76,3.51,Kavieng
244,12,PE,2019-01-11 20:27:08,75,-5.56,-80.82,24.11,5.11,Sechura
245,40,RU,2019-01-11 20:00:00,64,53.05,158.65,1,9,Petropavlovsk-Kamchatskiy
246,75,AT,2019-01-11 19:50:00,96,48.64,13.53,0,6.2,Wanning
247,20,SE,2019-01-11 19:50:00,74,60.45,15.49,-2,4.6,Hede
248,20,TT,2019-01-11 20:00:00,88,10.24,-61.45,24,2.1,Esperance
249,0,AR,2019-01-11 20:25:27,67,-31.62,-60.7,21.94,5.11,Santa Fe
250,90,CL,2019-01-11 20:00:00,100,-41.87,-73.83,12,4.1,Ancud
251,0,RU,2019-01-11 20:27:11,0,70.62,147.9,-39.99,1.31,Chokurdakh
252,0,PT,2019-01-11 20:27:12,86,41.42,-6.55,-7.02,1.56,Saldanha
253,48,EC,2019-01-11 20:25:44,100,-0.74,-90.35,24.66,4.11,Puerto Ayora
255,75,PE,2019-01-11 20:00:00,87,-16.38,-71.56,11,1.5,La Libertad
256,0,PK,2019-01-11 20:00:00,87,26.66,68,8,2.01,Moro
257,64,NO,2019-01-11 20:27:14,100,67.67,12.69,3.64,10.86,Sorland
258,0,MR,2019-01-11 20:27:15,82,20.93,-17.03,14.01,3.01,Nouadhibou
259,20,VG,2019-01-11 20:00:00,83,18.42,-64.62,22.71,3.41,Road Town
260,0,FI,2019-01-11 19:50:00,80,60.45,22.03,1,4.1,Naantali
261,90,CA,2019-01-11 20:02:00,69,49.78,-74.86,-23,5.1,Chapais
262,64,RU,2019-01-11 20:27:17,72,52.35,115.52,-18.22,1.86,Vershino-Darasunskiy
263,20,CA,2019-01-11 20:00:00,68,63.75,-68.52,-28,9.8,Iqaluit
264,40,GH,2019-01-11 19:00:00,88,5.66,-0.01,28,3.6,Tema
265,24,AO,2019-01-11 20:27:18,95,-8.42,20.74,18.76,1.21,Lucapa
266,0,NE,2019-01-11 20:27:18,52,18.69,12.92,8.41,1.56,Bilma
267,48,RU,2019-01-11 20:27:19,58,71.98,102.47,-35.99,4.31,Khatanga
268,8,ID,2019-01-11 20:24:45,100,-0.95,122.79,28.31,0.96,Luwuk
269,1,US,2019-01-11 19:56:00,77,39.31,-74.98,-3.24,3.21,Port Elizabeth
270,20,PA,2019-01-11 20:00:00,73,8.54,-82.37,25,4.1,Jimenez
272,20,PH,2019-01-11 20:00:00,62,14.71,121.03,30,2.1,San Bartolome
273,75,MY,2019-01-11 20:00:00,79,1.24,111.46,29,1,Sri Aman
274,0,CN,2019-01-11 20:00:00,72,40.71,112.04,-9,1,Zhuhai
275,92,MZ,2019-01-11 20:27:23,99,-14.8,36.54,20.31,1.96,Cuamba
276,0,IN,2019-01-11 20:27:23,98,17.48,73.19,21.99,1.01,Guhagar
277,0,ET,2019-01-11 20:27:24,56,10.07,34.53,11.49,1.06,Asosa
278,0,SY,2019-01-11 20:00:00,75,35.18,35.94,7,1,Baniyas
279,90,MY,2019-01-11 20:00:00,88,5.74,102.5,27,0.5,Jertih
280,0,MX,2019-01-11 20:27:25,53,23.99,-104.67,10.91,3.21,Constitucion
282,0,MX,2019-01-11 20:27:26,100,15.86,-97.07,27.16,2.21,Puerto Escondido
283,12,ML,2019-01-11 20:27:26,39,22.68,-3.98,5.99,4.01,Taoudenni
284,24,SY,2019-01-11 20:27:27,76,34.45,40.92,-1.57,1.66,Abu Kamal
285,12,MM,2019-01-11 20:27:27,76,18.49,95.51,24.04,2.61,Paungde
286,56,RU,2019-01-11 20:27:28,79,58.45,92.17,-20.09,1.51,Yeniseysk
287,76,RU,2019-01-11 20:27:28,63,66.56,67.8,-25.34,6.56,Aksarka
288,0,AU,2019-01-11 20:00:00,38,-24.87,152.35,32,7.7,Bundaberg
289,90,FR,2019-01-11 20:00:00,93,45.6,-0.6,4.45,1,Souillac
290,64,BR,2019-01-11 20:27:29,97,-5.32,-41.55,20.31,1.66,Castelo do Piaui
291,0,AU,2019-01-11 20:00:00,52,-35.26,150.51,32,4.6,Manyana
292,40,ID,2019-01-11 20:00:00,70,1.44,125.19,30,1.5,Bitung
293,32,GL,2019-01-11 20:27:30,100,72.79,-56.15,-21.27,2.56,Upernavik
294,12,BR,2019-01-11 20:27:31,97,-3.15,-58.36,23.49,2.51,Sao Sebastiao
295,0,GL,2019-01-11 20:27:31,100,65.42,-52.9,-14.32,4.11,Maniitsoq
296,75,IE,2019-01-11 20:00:00,93,51.89,-8.4,8,4.1,Mahon
297,24,PY,2019-01-11 20:27:32,87,-23.27,-57.32,26.31,2.86,Loreto
298,8,ID,2019-01-11 20:27:32,82,5.56,95.32,27.81,2.11,Banda Aceh
299,24,GL,2019-01-11 20:24:10,100,77.48,-69.36,-27.87,4.71,Qaanaaq
300,90,PF,2019-01-11 20:00:00,70,-17.83,-149.27,29,8.2,Teahupoo
301,0,IR,2019-01-11 20:00:00,67,38.02,46.58,-6,3.1,Iskandar
302,1,US,2019-01-11 19:56:00,44,41.29,-72.38,-6.44,4.1,Old Saybrook
303,44,MG,2019-01-11 20:27:34,96,-19.53,45.46,20.49,1.21,Miandrivazo
304,80,RU,2019-01-11 20:27:35,79,55.56,75.71,-18.19,1.36,Ust-Tarka
305,24,MX,2019-01-11 20:27:35,99,20.13,-104.35,11.74,1.06,Ayutla
306,0,LY,2019-01-11 20:27:35,44,30.75,20.22,7.49,4.66,Ajdabiya
307,76,UA,2019-01-11 20:27:36,82,51.89,31.6,-14.74,4.66,Horodnya
308,0,YE,2019-01-11 20:27:36,70,15.9,43.48,16.11,1.06,Shama
309,24,RU,2019-01-11 20:27:37,32,65.95,111.51,-30.74,2.96,Aykhal
310,20,MV,2019-01-11 20:27:37,100,2.67,72.89,26.66,4.21,Kudahuvadhoo
311,0,ZA,2019-01-11 20:24:19,60,-28.77,32.06,27.44,3.11,Richards Bay
312,0,RE,2019-01-11 20:00:00,65,-21.15,55.28,25.48,2.6,Saint-Leu
313,75,TR,2019-01-11 19:50:00,85,38.69,35.55,-10,0.5,Talas
314,75,MY,2019-01-11 20:00:00,74,1.56,110.34,29,1.5,Kuching
315,0,CN,2019-01-11 20:27:39,48,28.28,88.52,-21.32,1.41,Gamba
316,0,NE,2019-01-11 20:27:40,70,18.74,7.39,10.24,1.76,Arlit
317,44,AO,2019-01-11 20:27:40,100,-12.58,13.4,23.99,1.31,Benguela
318,92,KZ,2019-01-11 20:27:41,92,45.25,77.98,-3.49,2.21,Ushtobe
319,40,PT,2019-01-11 19:00:00,82,38.73,-27.07,15,10.21,Praia da Vitoria
320,20,EC,2019-01-11 20:25:04,94,0.61,-80.02,20.66,1.31,Muisne
322,90,RU,2019-01-11 20:00:00,86,43.63,44.06,-3,1,Mayskiy
323,80,RU,2019-01-11 20:27:43,81,54.43,31.9,-11.52,5.16,Sobolevo
324,40,BR,2019-01-11 20:00:00,78,-28.24,-48.67,26,3.1,Imbituba
325,76,SO,2019-01-11 20:27:43,81,5.35,48.53,24.51,8.36,Hobyo
326,80,BR,2019-01-11 20:27:44,96,-2.92,-39.92,23.79,1.71,Itarema
327,92,DE,2019-01-11 20:27:44,90,52.53,11.39,3.39,6.01,Gardelegen
328,12,ID,2019-01-11 20:27:45,99,-3.31,129,29.44,4.76,Amahai
329,0,IN,2019-01-11 20:27:45,75,19.91,83.17,16.76,1.51,Bhawanipatna
330,75,NO,2019-01-11 19:50:00,100,63.73,8.83,3,7.7,Sistranda
331,8,RU,2019-01-11 20:27:01,88,69.38,178.42,-25.67,6.46,Leningradskiy
332,88,RU,2019-01-11 20:27:46,71,64.9,45.76,-7.19,4.86,Leshukonskoye
333,40,US,2019-01-11 19:56:00,56,20.89,-156.47,25.41,4.6,Kahului
334,90,CZ,2019-01-11 19:49:00,86,50.23,12.87,0.48,4.1,Carlsbad
335,75,US,2019-01-11 19:55:00,85,32.72,-100.92,10.19,5.36,Snyder
336,80,GM,2019-01-11 20:27:48,47,13.79,-15.05,20.64,3.26,Nioro
337,88,RU,2019-01-11 20:27:48,90,60.73,33.55,-0.74,5.46,Lodeynoye Pole
338,75,JP,2019-01-11 20:00:00,64,35.73,140.83,4.53,3.6,Hasaki
339,75,JP,2019-01-11 20:00:00,48,36.31,139.8,5,3.6,Oyama
340,12,PG,2019-01-11 20:24:58,100,-2.67,141.3,28.36,6.36,Vanimo
341,90,RU,2019-01-11 20:00:00,92,42.87,45.69,-4,2,Shatoy
343,20,CA,2019-01-11 20:00:00,76,49.72,-86.95,-23,2.1,Geraldton
344,0,AU,2019-01-11 20:00:00,52,-34.58,150.85,32,4.6,Flinders
345,0,SN,2019-01-11 20:00:00,68,14.69,-16.54,20,6.7,Gat
347,0,AU,2019-01-11 20:00:00,38,-28.95,153.24,30.3,3.6,Codrington
348,88,LK,2019-01-11 20:27:52,100,7.42,81.82,23.36,2.86,Kalmunai
349,80,LY,2019-01-11 20:27:53,100,32.77,22.64,16.86,8.81,Darnah
350,8,NG,2019-01-11 20:27:53,59,7.3,8.73,18.81,1.81,Shar
351,88,RU,2019-01-11 20:27:54,73,65.44,52.15,-8.34,4.51,Ust-Tsilma
352,90,CL,2019-01-11 20:00:00,76,-45.58,-72.07,11.45,2.6,Coihaique
354,68,RU,2019-01-11 20:27:55,85,59.95,40.21,-8.84,6.61,Kharovsk
355,0,AU,2019-01-11 20:00:00,44,-15.77,128.74,37,3.6,Kununurra
356,44,RU,2019-01-11 20:27:55,60,61.28,108.01,-21.94,3.11,Yerbogachen
357,75,US,2019-01-11 20:15:00,71,34.64,-120.46,13.9,5.7,Lompoc
358,92,BR,2019-01-11 20:27:56,94,-31.58,-53.38,18.81,3.66,Pinheiro Machado
359,0,NG,2019-01-11 20:27:57,37,10.41,10.6,16.76,3.36,Bara
360,90,BR,2019-01-11 20:00:00,100,-7.63,-72.67,23,1,Cruzeiro do Sul
361,68,BR,2019-01-11 20:27:57,94,-8.9,-35.15,24.39,2.51,Sao Jose da Coroa Grande
362,75,RU,2019-01-11 20:00:00,79,59.7,30.79,1,7,Nikolskoye
363,12,GH,2019-01-11 20:27:58,100,4.89,-1.75,26.91,1.96,Takoradi
364,90,CA,2019-01-11 20:00:00,86,50.23,-63.6,-3,9.3,Havre-Saint-Pierre
365,80,NC,2019-01-11 20:00:00,94,-21.69,165.68,27,3.1,Moindou
366,0,ET,2019-01-11 20:27:59,64,8.28,39.49,4.19,1.96,Sire
368,40,ID,2019-01-11 20:00:00,70,1.49,124.85,30,1.5,Manado
370,24,CN,2019-01-11 20:28:01,91,28.06,114.24,6.81,2.16,Lingdong
371,1,US,2019-01-11 20:16:00,92,45.7,-94.27,-7.61,2.91,Saint Stephen
372,0,AU,2019-01-11 20:00:00,9,-31.97,141.45,41,7.7,Broken Hill
373,8,NE,2019-01-11 20:28:02,33,13.05,3.19,19.19,5.36,Dosso
374,56,RU,2019-01-11 20:28:02,56,62.65,135.58,-35.72,1.21,Khandyga
375,0,BR,2019-01-11 20:00:00,73,-9.67,-35.74,25,1.5,Maceio
376,20,US,2019-01-11 19:58:00,68,64.86,-147.8,-38.83,1.21,College
377,75,US,2019-01-11 20:00:00,87,37.46,-122.43,13.39,3.6,Half Moon Bay
378,0,MX,2019-01-11 20:23:43,100,23.45,-110.23,21.44,2.86,Todos Santos
379,0,GF,2019-01-11 20:00:00,88,4.94,-52.33,24,1,Cayenne
380,40,CO,2019-01-11 19:00:00,55,5.66,-67.63,30,1.16,Puerto Ayacucho
381,24,NU,2019-01-11 20:00:00,70,-19.06,-169.92,29,8.7,Alofi
382,75,JP,2019-01-11 20:00:00,60,34.68,135.8,6.25,0.5,Nara
383,8,IN,2019-01-11 20:00:00,88,13.35,74.72,22,1.5,Malpe
384,0,ES,2019-01-11 20:00:00,100,43.2,-8.36,2.05,1.5,Beira
385,90,AU,2019-01-11 20:00:00,62,-19.26,146.82,29,7.2,Townsville
386,76,RU,2019-01-11 20:28:07,76,62.24,45,-8.94,5.46,Verkhnyaya Toyma
387,0,ML,2019-01-11 20:28:08,38,16.77,-3.01,14.64,4.36,Timbuktu
388,90,US,2019-01-11 20:00:00,86,36.62,-121.92,13.58,6.61,Pacific Grove
389,1,CA,2019-01-11 20:00:00,73,70.47,-68.59,-34,3.1,Clyde River
390,32,AR,2019-01-11 20:28:09,92,-27.8,-64.26,19.24,2.31,Santiago del Estero
391,64,CA,2019-01-11 20:28:12,53,66.15,-65.72,-28.02,1.41,Pangnirtung
393,80,PH,2019-01-11 20:28:13,96,13.72,123.58,25.36,5.76,Sabang
394,90,US,2019-01-11 20:15:00,65,41.47,-87.06,-1.72,3.6,Valparaiso
395,0,IN,2019-01-11 20:21:31,100,8.08,77.57,25.04,10.96,Kanniyakumari
396,88,PF,2019-01-11 20:28:14,100,-16.7,-151.02,28.41,7.41,Fare
397,0,AF,2019-01-11 20:27:53,62,33.35,64.42,-20.57,0.96,Taywarah
398,24,CN,2019-01-11 20:28:15,61,43.33,129.73,-3.72,0.76,Dongzhen
399,0,IT,2019-01-11 19:50:00,91,41.89,12.48,1.44,3.6,Rome
400,40,ID,2019-01-11 20:00:00,79,-0.92,100.36,29,2.1,Padang
401,75,JP,2019-01-11 20:00:00,75,34.7,138.93,9.07,8.2,Shimoda
402,1,US,2019-01-11 19:53:00,80,48.55,-109.68,-4.4,3.1,Havre
403,56,CN,2019-01-11 20:28:17,87,28.45,119.91,9.36,1.16,Lishui
404,0,CL,2019-01-11 20:00:00,82,-29.95,-71.34,15,2.1,Coquimbo
405,0,NO,2019-01-11 19:50:00,79,69.67,29.98,-25.24,4.1,Bjornevatn
407,24,IN,2019-01-11 20:27:39,100,11.67,92.75,26.41,3.31,Port Blair
410,68,GA,2019-01-11 20:28:20,100,-0.72,8.78,25.11,2.11,Port-Gentil
411,76,RU,2019-01-11 20:27:01,100,50.68,156.12,0.14,10.96,Severo-Kurilsk
412,90,US,2019-01-11 20:00:00,71,36.67,-121.66,13.58,9.8,Salinas
413,90,US,2019-01-11 19:55:00,84,30.27,-94.2,13.6,3.6,Lumberton
414,92,MW,2019-01-11 20:28:21,100,-12.93,34.3,22.76,0.61,Nkhotakota
415,0,IN,2019-01-11 20:28:22,45,27.93,96.16,13.39,0.81,Tezu
416,20,BM,2019-01-11 19:55:00,63,32.3,-64.78,16,3.1,Hamilton
417,0,IN,2019-01-11 20:00:00,93,21.64,69.61,19,3.76,Porbandar
418,0,AU,2019-01-11 20:00:00,22,-43.03,147.26,24,8.7,Margate
419,75,PW,2019-01-11 19:50:00,74,7.04,134.26,29,5.7,Kloulklubed
420,90,US,2019-01-11 20:15:00,98,40.27,-96.75,0.51,3.1,Beatrice
421,75,CA,2019-01-11 20:00:00,78,54.27,-110.74,-11,4.6,Bonnyville
422,0,NG,2019-01-11 20:28:25,95,5.68,5.76,23.79,2.81,Adeje
423,80,KG,2019-01-11 20:28:25,95,41.87,72.95,-9.22,0.61,Toktogul
424,0,CO,2019-01-11 20:28:25,69,11.71,-72.27,24.39,5.36,Uribia
425,24,CG,2019-01-11 20:28:26,90,1.61,16.05,23.39,1.51,Ouesso
426,0,ES,2019-01-11 20:00:00,80,41.43,2.16,0.52,2.1,Horta
427,12,RU,2019-01-11 20:26:00,59,68.06,166.44,-29.42,1.21,Bilibino
428,75,EC,2019-01-11 20:00:00,69,-2.03,-79.75,27,3.1,Olinda
429,1,US,2019-01-11 19:55:00,50,39.62,-77.74,-2.85,1.5,Vardo
430,92,BR,2019-01-11 20:28:28,100,-1.2,-46.02,23.24,0.71,Carutapera
431,90,BR,2019-01-11 20:00:00,100,-7.52,-72.89,23,1,Parana
432,0,CA,2019-01-11 20:28:29,68,50.56,-96.99,-16.57,3.51,Husavik
433,0,PL,2019-01-11 20:00:00,92,54.15,19.41,-1,4.1,Elblag
434,48,RO,2019-01-11 20:00:00,92,47.97,26.15,-10,1,Mihaileni
435,80,BS,2019-01-11 20:28:30,100,25.5,-76.65,22.19,7.16,Dunmore Town
436,44,SL,2019-01-11 20:28:30,79,7.99,-10.85,23.69,2.11,Daru
437,0,SA,2019-01-11 20:00:00,93,18.39,42.45,10.51,1.21,Faya
438,0,MX,2019-01-11 20:28:31,97,20.87,-90.4,23.61,7.06,Celestun
439,36,NZ,2019-01-11 20:28:32,59,-35.17,173.16,25.26,4.36,Ahipara
440,20,BO,2019-01-11 20:28:32,97,-19,-57.72,23.44,0.86,Puerto Quijarro
441,90,FI,2019-01-11 19:50:00,78,62.78,29.36,0,6.2,Sola
442,0,BF,2019-01-11 20:28:33,42,14.1,-1.63,14.81,2.36,Djibo
443,32,RU,2019-01-11 20:28:33,0,67.65,134.64,-42.32,1.31,Batagay
444,90,US,2019-01-11 19:53:00,67,41.12,-100.77,3.3,5.7,North Platte
445,40,FI,2019-01-11 19:50:00,73,66.5,25.72,-3,8.7,Rovaniemi
446,20,BR,2019-01-11 20:28:34,93,-8.26,-49.26,23.86,1.26,Conceicao do Araguaia
447,0,BR,2019-01-11 20:28:35,72,-22.65,-42.51,25.74,4.66,Caxito
